{"cameraMode":{"drawMode":0,"name":"Shaded","section":"Shading Mode"},"sceneLighting":false,"audioPlay":false,"sceneViewState":{"m_AlwaysRefresh":false,"showFog":true,"showSkybox":false,"showFlares":true,"showImageEffects":true,"showParticleSystems":true,"showVisualEffectGraphs":true,"m_FxEnabled":true},"in2DMode":false,"pivot":{"x":-0.6526134014129639,"y":2.4066195487976076,"z":0.2515065670013428},"rotation":{"x":-0.008033487014472485,"y":-0.9475876092910767,"z":-0.023872649297118188,"w":0.31853926181793215},"size":1.3717647790908814,"orthographic":false}